{
  "total_conversations": 122,
  "total_messages": 2447,
  "messages_per_conversation": {
    "min": 5,
    "max": 78,
    "mean": 20.057377049180328,
    "median": 14.5
  },
  "role_distribution": {
    "customer": 808,
    "dealership": 1480,
    "unknown": 159
  },
  "unknown_role_rate": 0.06497752349816101,
  "pii_hit_rate": {
    "ADDRESS": 0.004086636697997548,
    "VIN": 0.025745811197384554,
    "PLATE": 0.031058438904781365,
    "EMAIL": 0.016755210461789946,
    "PHONE": 0.0016346546791990192,
    "ORDER_ID": 0.0004086636697997548
  },
  "language": "es"
}